"DESCRIPTION","DURATION IN MS","NAME","PARENT SUITE","START TIME","STATUS","STOP TIME","SUB SUITE","SUITE","TEST CLASS","TEST METHOD"
"","17","test_post[Nguyen Van A-a@example.com-201]","tests.blackbox_test","2026-10-10","passed","2026-10-10","","test_api_user","",""
"","17","test_delete","tests.blackbox_test","2026-10-10","passed","2026-10-10","","test_api_user","",""
"","17","test_post[T\xean_C\xf3_K\xfd_T\u1ef1_@#$-b@example.com-201]","tests.blackbox_test","2026-10-10","passed","2026-10-10","","test_api_user","",""
"","0","test_user_register_return_error_when_db_failure","tests.component_test","2026-10-10","passed","2026-10-10","","test_service_user_register","",""
"","69","test_login_success[chromium]","tests.blackbox_test","2026-10-10","passed","2026-10-10","","test_ui_login","",""
"","18","test_put","tests.blackbox_test","2026-10-10","passed","2026-10-10","","test_api_user","",""
"","5","test_logic_tin_yeu_thich_khi_tin_dang_soft_delete","tests.blackbox_test","2026-10-10","passed","2026-10-10","","test_backend","",""
"","5","test_user_register","tests.blackbox_test","2026-10-10","passed","2026-10-10","","test_backend","",""
"","4519","test_consume_duplicate_report","tests.unit_test","2026-10-10","passed","2026-10-10","","report_test","",""
"","46","test_get","tests.blackbox_test","2026-10-10","passed","2026-10-10","","test_api_user","",""
"","3974","test_consume_report_notification","tests.unit_test","2026-10-10","passed","2026-10-10","","report_test","",""
"","16","test_post[Nguyen Minh Anh-anh.nguyen@gmail.com-201]","tests.blackbox_test","2026-10-10","passed","2026-10-10","","test_api_user","",""
